{"numInvaders": 136.0756408304553, "distanceToAlly": 117.00397471631251, "reverse": -268.2980693591433, "stop": -45.75763930560202, "distanceToFood": -184.0416089624107, "distanceFromTeam": 56.49940775839229, "invaderDistance": -49.34683094182137, "foodLeft": -627.5652803172899, "distanceToStart": -3719.804309021021, "ourFoodLeft": 0.14194076928974067, "returnReward": 1410.0622706070865, "onDefense": -62.620654721189986, "distanceToOurFood": -0.10971159614617103}