{"numInvaders": -593.6749808157148, "distanceFromTeam": 77.65069545848178, "reverse": -169.0344975472599, "distanceToFood": -153.64641821756476, "stop": -26.324425747352745, "invaderDistance": 66.955801094181, "foodLeft": -2307.1857166476275, "ourFoodLeft": 306.6349575304626, "distanceToOurFood": -16.927635188360906}