{"numInvaders": -16147.429571725013, "distanceFromTeam": 38.570433390972305, "reverse": -16.27951551043199, "distanceToFood": 0.18050903686349656, "stop": -64.7872314861525, "invaderDistance": -760.3594121026028, "foodLeft": 0.15549887148439576, "ourFoodLeft": 325.6199916927114, "distanceToOurFood": -17.943514845335017, "onDefense": 319.3786055881638}