{"numInvaders": -2727.051110946682, "reverse": 0.9813212740901663, "successorScore": 256.2498949479404, "distanceToFood": -2.0563987645452055, "stop": 63.27442134503862, "invaderDistance": 235.0763712815783, "onDefense": 876.3296171825439}