{"numInvaders": -14785.043087982474, "distanceFromTeam": 20.07924143703386, "reverse": -55.66904263541917, "distanceToFood": -0.28899575135979416, "stop": -56.613616370245516, "invaderDistance": -815.7295245805151, "foodLeft": -0.081870793579795, "ourFoodLeft": 468.6283744586709, "distanceToOurFood": -18.288745216051787, "onDefense": 254.14051635732054}