{"numInvaders": -496.0952549298628, "distanceFromTeam": 70.34029507135777, "reverse": -342.6972191156767, "distanceToFood": -113.65904642360252, "stop": -20.81735345635991, "invaderDistance": -255.26224056573886, "foodLeft": -4005.9738471782207, "ourFoodLeft": 324.66717249559633, "distanceToOurFood": -24.981375412711582}