{"numInvaders": -15610.738089226772, "distanceFromTeam": 26.9873981758253, "reverse": -55.846120910096715, "distanceToFood": 0.214175976838619, "stop": -48.1326937117426, "invaderDistance": -900.8507761178829, "foodLeft": 0.17314007635009251, "ourFoodLeft": 299.04234057813653, "distanceToOurFood": -16.20274047411254, "onDefense": 152.19299821957452}