{"distanceToAlly": 109.00371310158108, "reverse": -247.7026982072226, "distanceToFood": -205.37868506829622, "stop": -30.638460832833594, "numEnemies": 132.18332142270583, "distanceToStart": -3220.6164639495178, "enemyDistance": -105.39421611537647, "ourFoodLeft": 0.20982097680475287, "distanceToOurFood": 0.5864096546146098, "distanceFromTeam": 33.77231544553398, "returnReward": 778.8137890638418, "onDefense": -78.32157420927146, "foodLeft": -548.96111874066}