{"numInvaders": 135.64334781441838, "distanceToAlly": 102.15386218339533, "reverse": -330.46951730049835, "stop": -20.34805133667252, "distanceToFood": -157.79366824023018, "distanceFromTeam": 87.0799136902767, "invaderDistance": -95.62909530178425, "foodLeft": -725.2715674412432, "distanceToStart": -3390.3738136864736, "ourFoodLeft": -0.19795014692584556, "returnReward": 1414.8852398026859, "onDefense": -67.5501491710865, "distanceToOurFood": 0.0}