{"numInvaders": -21433.534765617373, "distanceFromTeam": 41.5678408434394, "reverse": -62.670660204805785, "distanceToFood": -0.05924274116697164, "stop": -52.40006561783439, "invaderDistance": -1023.045859370581, "foodLeft": -0.27705721691434415, "ourFoodLeft": 371.88645727705074, "distanceToOurFood": -14.487755118806623, "onDefense": 317.0816799147692}