{"numInvaders": 130.51336217206998, "distanceToAlly": 88.54026521371753, "reverse": -257.2550589449146, "stop": -32.05989642865658, "distanceToFood": -296.2422367341268, "distanceFromTeam": 62.722638937085954, "invaderDistance": -106.12084681556051, "foodLeft": -618.9808020653102, "distanceToStart": -3940.912852921654, "ourFoodLeft": -0.017781061537682503, "returnReward": 1828.3786359280414, "onDefense": -62.08287922959533, "distanceToOurFood": -0.241817115180303}