{"numInvaders": 163.93171526510133, "distanceToAlly": 126.99227039602418, "reverse": -167.2587027905142, "distanceToFood": -292.3722504467466, "stop": -23.513265890745398, "distanceFromTeam": 54.661386607213366, "invaderDistance": -161.62610577475965, "distanceToStart": -4106.217595182571, "ourFoodLeft": -0.40332363818390743, "foodLeft": -1004.7597460803428, "onDefense": -59.96460194833929, "returnReward": 1910.8578404209352, "distanceToOurFood": -0.2237764401380228}