{"numInvaders": 20.38280387031082, "distanceToAlly": 36.8451686418083, "reverse": -144.59689626883502, "stop": -6.873160232906755, "distanceToFood": -97.59506308870705, "distanceFromTeam": 8.518059003056276, "invaderDistance": -12.24295862464073, "foodLeft": -241.32802953183216, "distanceToStart": -1429.0994713375023, "ourFoodLeft": 0.0, "returnReward": 736.8119890854231, "onDefense": -34.21237613658789, "distanceToOurFood": 0.0}