{"numInvaders": -23943.11585579757, "distanceFromTeam": 14.479080102154809, "reverse": -61.90662266440351, "distanceToFood": -0.034787320327654, "stop": -70.67610194801101, "invaderDistance": -984.7381414058192, "foodLeft": -0.31843062671077355, "ourFoodLeft": 500.0528150723256, "distanceToOurFood": -18.910082031340018, "onDefense": 427.8029473133932}