{"numInvaders": -8514.263571522657, "distanceFromTeam": 10.262644668936728, "reverse": -5.5519182816245, "distanceToFood": 0.19214107997771687, "stop": -19.56165033176477, "invaderDistance": -343.3230371464572, "foodLeft": -0.19999032937938116, "ourFoodLeft": 222.15991405457117, "distanceToOurFood": -5.335206468526558, "onDefense": 65.43637111902237}