{"numInvaders": 43.49885144044982, "distanceToAlly": 49.13159175646016, "reverse": -154.67331790934998, "stop": -9.799844883495053, "distanceToFood": -108.25163342367524, "distanceFromTeam": 13.659368466441045, "invaderDistance": -23.973050410580225, "foodLeft": -170.39257596143335, "distanceToStart": -1720.0122073159855, "ourFoodLeft": 0.0, "returnReward": 829.3534197377323, "onDefense": -21.20113823527773, "distanceToOurFood": -0.20209844308821712}