{"numInvaders": -8413.662494674792, "distanceFromTeam": 16.871119394098766, "reverse": -29.705584610856224, "distanceToFood": 0.0, "stop": -10.642670483811106, "invaderDistance": -246.53515666666803, "foodLeft": 0.0, "ourFoodLeft": 146.03560117294035, "distanceToOurFood": -10.227200377598153, "onDefense": 67.52951280219605}